[
{"type":"header","version":"5.2.1","comment":"Export to JSON plugin for PHPMyAdmin"},
{"type":"database","name":"communihelp"},
{"type":"table","name":"basiclogin","database":"communihelp","data":
[
{"username":"Krishna","userid":"t96c","password":"hello123","mobileno":"7892134760","dob":"2001-12-10","email":"krishnaradha12@gmail.com"},
{"username":"ChandraShetty","userid":"t24f","password":"welcome","mobileno":"6301440457","dob":"1993-07-07","email":"chandrahas12sigili@gmail.com"},
{"username":"DEACTIVATED","userid":"t49c","password":"48371216","mobileno":"8792348765","dob":"1998-01-11","email":"nitish23@gmail.com"},
{"username":"indra","userid":"t68b","password":"welcome","mobileno":"6304324313","dob":"2002-06-22","email":"indras345@gmail.com"},
{"username":"VishnuSai","userid":"t18c","password":"hii123","mobileno":"7386484373","dob":"2002-11-28","email":"saivishnu980@gmail.com"},
{"username":"Suresh","userid":"t11a","password":"welcome","mobileno":"7865489210","dob":"2000-11-22","email":"suresh13de@gmail.com"}
]
}
]
