[
{"type":"header","version":"5.2.1","comment":"Export to JSON plugin for PHPMyAdmin"},
{"type":"database","name":"communihelp"},
{"type":"table","name":"donations","database":"communihelp","data":
[
{"roomid":"t24f","description":"books","accbyroomid":"t68b","accbymobno":"6304324313","status":"Taken","datatime":"2012-12-12 12:00:00","name":"Chandra"},
{"roomid":"t96c","description":"sofa","accbyroomid":"null","accbymobno":"1","status":"Available","datatime":"2012-12-12 12:00:00","name":"Radha"},
{"roomid":"t24f","description":"tcl 32 inch tv","accbyroomid":"t96c","accbymobno":"7892134762","status":"Available","datatime":"2023-12-24 17:30:37","name":"ganesh"},
{"roomid":"t24f","description":"Circket Kit","accbyroomid":"nul","accbymobno":"1","status":"Available","datatime":"2024-01-08 19:09:30","name":"Penchala"},
{"roomid":"t24f","description":"Induction Stove","accbyroomid":"null","accbymobno":"1","status":"Available","datatime":"2024-01-08 19:13:23","name":"Bhanu"},
{"roomid":"t18c","description":"Table","accbyroomid":"null","accbymobno":"1","status":"Available","datatime":"2024-01-08 22:58:32","name":"Praveen"}
]
}
]
