[
{"type":"header","version":"5.2.1","comment":"Export to JSON plugin for PHPMyAdmin"},
{"type":"database","name":"communihelp"},
{"type":"table","name":"requests","database":"communihelp","data":
[
{"roomid":"t24f","description":"O+ blood","accbyroomid":"t96c","accbymobno":"7892134762","status":"Needed","datatime":"2012-12-12 12:00:00","name":"chandra"},
{"roomid":"t68b","description":"Cold Tablets","accbyroomid":"t24f","accbymobno":"6301440457","status":"Taken","datatime":"2012-12-12 12:00:00","name":"indra"},
{"roomid":"t96c","description":"1 Chair","accbyroomid":"null","accbymobno":"1","status":"Needed","datatime":"2023-12-24 17:41:06","name":"Chetan"}
]
}
]
