[
{"type":"header","version":"5.2.1","comment":"Export to JSON plugin for PHPMyAdmin"},
{"type":"database","name":"communihelp"},
{"type":"table","name":"servicestore","database":"communihelp","data":
[
{"roomid":"t24f","name":"Shetty","mblno":"2345167809","service":"WaterCan","status":"Accepted","datetime":"2023-12-18 11:52:06"},
{"roomid":"t18c","name":"VishnuSai","mblno":"2345167809","service":"Electrician","status":"Booked","datetime":"2023-12-18 12:04:31"},
{"roomid":"t24f","name":"Gopal","mblno":"9876523453","service":"Cleaning","status":"Cancelled","datetime":"2023-12-18 12:26:54"},
{"roomid":"t24f","name":"Bhanu","mblno":"8985123245","service":"Cleaning Service","status":"Cancelled","datetime":"2024-01-03 14:24:06"},
{"roomid":"t24f","name":"Lokesh","mblno":"8985034567","service":"WaterCan","status":"completed","datetime":"2024-01-27 08:51:10"}
]
}
]
